path_image,class
/home/lucas.ocunha/DeepLearning/datasets/CNR/PATCHES/OVERCAST/2015-11-20/camera5/O_2015-11-20_09.00_C05_267.jpg,1
/home/lucas.ocunha/DeepLearning/datasets/CNR/PATCHES/SUNNY/2015-11-12/camera5/S_2015-11-12_10.17_C05_303.jpg,0
/home/lucas.ocunha/DeepLearning/datasets/CNR/PATCHES/SUNNY/2015-11-12/camera5/S_2015-11-12_09.47_C05_302.jpg,0
/home/lucas.ocunha/DeepLearning/datasets/CNR/PATCHES/OVERCAST/2015-11-20/camera5/O_2015-11-20_09.30_C05_306.jpg,1
/home/lucas.ocunha/DeepLearning/datasets/CNR/PATCHES/OVERCAST/2015-11-20/camera5/O_2015-11-20_09.00_C05_272.jpg,1
/home/lucas.ocunha/DeepLearning/datasets/CNR/PATCHES/OVERCAST/2015-11-20/camera5/O_2015-11-20_13.30_C05_274.jpg,0
/home/lucas.ocunha/DeepLearning/datasets/CNR/PATCHES/SUNNY/2015-11-12/camera5/S_2015-11-12_15.17_C05_270.jpg,1
/home/lucas.ocunha/DeepLearning/datasets/CNR/PATCHES/OVERCAST/2015-11-20/camera5/O_2015-11-20_10.30_C05_228.jpg,0
/home/lucas.ocunha/DeepLearning/datasets/CNR/PATCHES/SUNNY/2015-11-12/camera5/S_2015-11-12_12.47_C05_271.jpg,0
/home/lucas.ocunha/DeepLearning/datasets/CNR/PATCHES/SUNNY/2015-11-12/camera5/S_2015-11-12_11.47_C05_297.jpg,0
/home/lucas.ocunha/DeepLearning/datasets/CNR/PATCHES/OVERCAST/2015-11-20/camera5/O_2015-11-20_10.00_C05_299.jpg,0
/home/lucas.ocunha/DeepLearning/datasets/CNR/PATCHES/SUNNY/2015-11-12/camera5/S_2015-11-12_09.47_C05_310.jpg,1
/home/lucas.ocunha/DeepLearning/datasets/CNR/PATCHES/OVERCAST/2015-11-20/camera5/O_2015-11-20_08.00_C05_309.jpg,1
/home/lucas.ocunha/DeepLearning/datasets/CNR/PATCHES/OVERCAST/2015-11-20/camera5/O_2015-11-20_08.30_C05_197.jpg,1
/home/lucas.ocunha/DeepLearning/datasets/CNR/PATCHES/OVERCAST/2015-11-20/camera5/O_2015-11-20_12.30_C05_267.jpg,0
/home/lucas.ocunha/DeepLearning/datasets/CNR/PATCHES/OVERCAST/2015-11-20/camera5/O_2015-11-20_13.30_C05_231.jpg,0
/home/lucas.ocunha/DeepLearning/datasets/CNR/PATCHES/SUNNY/2015-11-12/camera5/S_2015-11-12_16.17_C05_266.jpg,1
/home/lucas.ocunha/DeepLearning/datasets/CNR/PATCHES/OVERCAST/2015-11-20/camera5/O_2015-11-20_15.00_C05_199.jpg,0
/home/lucas.ocunha/DeepLearning/datasets/CNR/PATCHES/SUNNY/2015-11-12/camera5/S_2015-11-12_07.16_C05_198.jpg,1
/home/lucas.ocunha/DeepLearning/datasets/CNR/PATCHES/SUNNY/2015-11-12/camera5/S_2015-11-12_10.17_C05_271.jpg,0
/home/lucas.ocunha/DeepLearning/datasets/CNR/PATCHES/OVERCAST/2015-11-20/camera5/O_2015-11-20_08.00_C05_272.jpg,1
/home/lucas.ocunha/DeepLearning/datasets/CNR/PATCHES/SUNNY/2015-11-12/camera5/S_2015-11-12_12.17_C05_272.jpg,0
/home/lucas.ocunha/DeepLearning/datasets/CNR/PATCHES/SUNNY/2015-11-12/camera5/S_2015-11-12_14.17_C05_233.jpg,1
/home/lucas.ocunha/DeepLearning/datasets/CNR/PATCHES/SUNNY/2015-11-12/camera5/S_2015-11-12_12.17_C05_307.jpg,0
/home/lucas.ocunha/DeepLearning/datasets/CNR/PATCHES/OVERCAST/2015-11-20/camera5/O_2015-11-20_15.00_C05_308.jpg,1
/home/lucas.ocunha/DeepLearning/datasets/CNR/PATCHES/OVERCAST/2015-11-20/camera5/O_2015-11-20_15.30_C05_272.jpg,1
/home/lucas.ocunha/DeepLearning/datasets/CNR/PATCHES/OVERCAST/2015-11-20/camera5/O_2015-11-20_07.30_C05_270.jpg,1
/home/lucas.ocunha/DeepLearning/datasets/CNR/PATCHES/SUNNY/2015-11-12/camera5/S_2015-11-12_14.17_C05_266.jpg,1
/home/lucas.ocunha/DeepLearning/datasets/CNR/PATCHES/OVERCAST/2015-11-20/camera5/O_2015-11-20_10.30_C05_609.jpg,0
/home/lucas.ocunha/DeepLearning/datasets/CNR/PATCHES/OVERCAST/2015-11-20/camera5/O_2015-11-20_12.00_C05_235.jpg,0
/home/lucas.ocunha/DeepLearning/datasets/CNR/PATCHES/SUNNY/2015-11-12/camera5/S_2015-11-12_12.47_C05_309.jpg,0
/home/lucas.ocunha/DeepLearning/datasets/CNR/PATCHES/OVERCAST/2015-11-20/camera5/O_2015-11-20_13.30_C05_302.jpg,1
/home/lucas.ocunha/DeepLearning/datasets/CNR/PATCHES/SUNNY/2015-11-12/camera5/S_2015-11-12_11.47_C05_232.jpg,0
/home/lucas.ocunha/DeepLearning/datasets/CNR/PATCHES/OVERCAST/2015-11-20/camera5/O_2015-11-20_13.30_C05_267.jpg,0
/home/lucas.ocunha/DeepLearning/datasets/CNR/PATCHES/OVERCAST/2015-11-20/camera5/O_2015-11-20_16.00_C05_271.jpg,1
/home/lucas.ocunha/DeepLearning/datasets/CNR/PATCHES/SUNNY/2015-11-12/camera5/S_2015-11-12_15.47_C05_233.jpg,0
/home/lucas.ocunha/DeepLearning/datasets/CNR/PATCHES/SUNNY/2015-11-12/camera5/S_2015-11-12_10.47_C05_274.jpg,0
/home/lucas.ocunha/DeepLearning/datasets/CNR/PATCHES/SUNNY/2015-11-12/camera5/S_2015-11-12_12.17_C05_234.jpg,0
/home/lucas.ocunha/DeepLearning/datasets/CNR/PATCHES/OVERCAST/2015-11-20/camera5/O_2015-11-20_10.30_C05_198.jpg,0
/home/lucas.ocunha/DeepLearning/datasets/CNR/PATCHES/OVERCAST/2015-11-20/camera5/O_2015-11-20_10.30_C05_311.jpg,0
/home/lucas.ocunha/DeepLearning/datasets/CNR/PATCHES/SUNNY/2015-11-12/camera5/S_2015-11-12_07.46_C05_199.jpg,1
/home/lucas.ocunha/DeepLearning/datasets/CNR/PATCHES/SUNNY/2015-11-12/camera5/S_2015-11-12_15.17_C05_200.jpg,0
/home/lucas.ocunha/DeepLearning/datasets/CNR/PATCHES/OVERCAST/2015-11-20/camera5/O_2015-11-20_08.30_C05_273.jpg,1
/home/lucas.ocunha/DeepLearning/datasets/CNR/PATCHES/OVERCAST/2015-11-20/camera5/O_2015-11-20_16.30_C05_270.jpg,0
/home/lucas.ocunha/DeepLearning/datasets/CNR/PATCHES/SUNNY/2015-11-12/camera5/S_2015-11-12_09.17_C05_311.jpg,1
/home/lucas.ocunha/DeepLearning/datasets/CNR/PATCHES/OVERCAST/2015-11-20/camera5/O_2015-11-20_15.00_C05_201.jpg,0
/home/lucas.ocunha/DeepLearning/datasets/CNR/PATCHES/SUNNY/2015-11-12/camera5/S_2015-11-12_10.47_C05_272.jpg,0
/home/lucas.ocunha/DeepLearning/datasets/CNR/PATCHES/OVERCAST/2015-11-20/camera5/O_2015-11-20_16.00_C05_268.jpg,0
/home/lucas.ocunha/DeepLearning/datasets/CNR/PATCHES/SUNNY/2015-11-12/camera5/S_2015-11-12_07.46_C05_301.jpg,1
/home/lucas.ocunha/DeepLearning/datasets/CNR/PATCHES/OVERCAST/2015-11-20/camera5/O_2015-11-20_08.30_C05_267.jpg,1
/home/lucas.ocunha/DeepLearning/datasets/CNR/PATCHES/SUNNY/2015-11-12/camera5/S_2015-11-12_12.17_C05_268.jpg,0
/home/lucas.ocunha/DeepLearning/datasets/CNR/PATCHES/SUNNY/2015-11-12/camera5/S_2015-11-12_07.16_C05_201.jpg,1
/home/lucas.ocunha/DeepLearning/datasets/CNR/PATCHES/OVERCAST/2015-11-20/camera5/O_2015-11-20_12.30_C05_307.jpg,0
/home/lucas.ocunha/DeepLearning/datasets/CNR/PATCHES/SUNNY/2015-11-12/camera5/S_2015-11-12_11.47_C05_202.jpg,0
/home/lucas.ocunha/DeepLearning/datasets/CNR/PATCHES/SUNNY/2015-11-12/camera5/S_2015-11-12_13.17_C05_272.jpg,1
/home/lucas.ocunha/DeepLearning/datasets/CNR/PATCHES/SUNNY/2015-11-12/camera5/S_2015-11-12_09.17_C05_272.jpg,1
/home/lucas.ocunha/DeepLearning/datasets/CNR/PATCHES/SUNNY/2015-11-12/camera5/S_2015-11-12_09.17_C05_302.jpg,1
/home/lucas.ocunha/DeepLearning/datasets/CNR/PATCHES/SUNNY/2015-11-12/camera5/S_2015-11-12_11.17_C05_265.jpg,0
/home/lucas.ocunha/DeepLearning/datasets/CNR/PATCHES/SUNNY/2015-11-12/camera5/S_2015-11-12_09.47_C05_304.jpg,1
/home/lucas.ocunha/DeepLearning/datasets/CNR/PATCHES/OVERCAST/2015-11-20/camera5/O_2015-11-20_14.00_C05_199.jpg,1
/home/lucas.ocunha/DeepLearning/datasets/CNR/PATCHES/SUNNY/2015-11-12/camera5/S_2015-11-12_08.17_C05_311.jpg,1
/home/lucas.ocunha/DeepLearning/datasets/CNR/PATCHES/OVERCAST/2015-11-20/camera5/O_2015-11-20_10.00_C05_197.jpg,0
/home/lucas.ocunha/DeepLearning/datasets/CNR/PATCHES/OVERCAST/2015-11-20/camera5/O_2015-11-20_15.30_C05_308.jpg,1
/home/lucas.ocunha/DeepLearning/datasets/CNR/PATCHES/OVERCAST/2015-11-20/camera5/O_2015-11-20_08.30_C05_609.jpg,1
/home/lucas.ocunha/DeepLearning/datasets/CNR/PATCHES/OVERCAST/2015-11-20/camera5/O_2015-11-20_16.00_C05_272.jpg,1
/home/lucas.ocunha/DeepLearning/datasets/CNR/PATCHES/SUNNY/2015-11-12/camera5/S_2015-11-12_10.17_C05_200.jpg,0
/home/lucas.ocunha/DeepLearning/datasets/CNR/PATCHES/OVERCAST/2015-11-20/camera5/O_2015-11-20_07.30_C05_304.jpg,1
/home/lucas.ocunha/DeepLearning/datasets/CNR/PATCHES/SUNNY/2015-11-12/camera5/S_2015-11-12_11.17_C05_312.jpg,0
/home/lucas.ocunha/DeepLearning/datasets/CNR/PATCHES/OVERCAST/2015-11-20/camera5/O_2015-11-20_15.00_C05_303.jpg,0
/home/lucas.ocunha/DeepLearning/datasets/CNR/PATCHES/SUNNY/2015-11-12/camera5/S_2015-11-12_09.17_C05_309.jpg,1
/home/lucas.ocunha/DeepLearning/datasets/CNR/PATCHES/SUNNY/2015-11-12/camera5/S_2015-11-12_15.47_C05_268.jpg,0
/home/lucas.ocunha/DeepLearning/datasets/CNR/PATCHES/SUNNY/2015-11-12/camera5/S_2015-11-12_15.17_C05_268.jpg,0
/home/lucas.ocunha/DeepLearning/datasets/CNR/PATCHES/OVERCAST/2015-11-20/camera5/O_2015-11-20_15.30_C05_274.jpg,0
/home/lucas.ocunha/DeepLearning/datasets/CNR/PATCHES/OVERCAST/2015-11-20/camera5/O_2015-11-20_08.00_C05_609.jpg,1
/home/lucas.ocunha/DeepLearning/datasets/CNR/PATCHES/SUNNY/2015-11-12/camera5/S_2015-11-12_16.17_C05_272.jpg,1
/home/lucas.ocunha/DeepLearning/datasets/CNR/PATCHES/SUNNY/2015-11-12/camera5/S_2015-11-12_07.46_C05_274.jpg,1
/home/lucas.ocunha/DeepLearning/datasets/CNR/PATCHES/OVERCAST/2015-11-20/camera5/O_2015-11-20_07.30_C05_268.jpg,1
/home/lucas.ocunha/DeepLearning/datasets/CNR/PATCHES/OVERCAST/2015-11-20/camera5/O_2015-11-20_07.30_C05_305.jpg,1
/home/lucas.ocunha/DeepLearning/datasets/CNR/PATCHES/OVERCAST/2015-11-20/camera5/O_2015-11-20_16.30_C05_235.jpg,0
/home/lucas.ocunha/DeepLearning/datasets/CNR/PATCHES/OVERCAST/2015-11-20/camera5/O_2015-11-20_11.00_C05_310.jpg,0
/home/lucas.ocunha/DeepLearning/datasets/CNR/PATCHES/SUNNY/2015-11-12/camera5/S_2015-11-12_15.17_C05_609.jpg,0
/home/lucas.ocunha/DeepLearning/datasets/CNR/PATCHES/SUNNY/2015-11-12/camera5/S_2015-11-12_12.47_C05_306.jpg,0
/home/lucas.ocunha/DeepLearning/datasets/CNR/PATCHES/SUNNY/2015-11-12/camera5/S_2015-11-12_08.17_C05_310.jpg,1
/home/lucas.ocunha/DeepLearning/datasets/CNR/PATCHES/SUNNY/2015-11-12/camera5/S_2015-11-12_09.17_C05_264.jpg,0
/home/lucas.ocunha/DeepLearning/datasets/CNR/PATCHES/SUNNY/2015-11-12/camera5/S_2015-11-12_07.46_C05_304.jpg,1
/home/lucas.ocunha/DeepLearning/datasets/CNR/PATCHES/SUNNY/2015-11-12/camera5/S_2015-11-12_09.47_C05_307.jpg,0
/home/lucas.ocunha/DeepLearning/datasets/CNR/PATCHES/SUNNY/2015-11-12/camera5/S_2015-11-12_09.47_C05_266.jpg,0
/home/lucas.ocunha/DeepLearning/datasets/CNR/PATCHES/SUNNY/2015-11-12/camera5/S_2015-11-12_09.47_C05_270.jpg,0
/home/lucas.ocunha/DeepLearning/datasets/CNR/PATCHES/OVERCAST/2015-11-20/camera5/O_2015-11-20_09.00_C05_265.jpg,0
/home/lucas.ocunha/DeepLearning/datasets/CNR/PATCHES/SUNNY/2015-11-12/camera5/S_2015-11-12_10.47_C05_202.jpg,0
/home/lucas.ocunha/DeepLearning/datasets/CNR/PATCHES/OVERCAST/2015-11-20/camera5/O_2015-11-20_12.00_C05_271.jpg,0
/home/lucas.ocunha/DeepLearning/datasets/CNR/PATCHES/SUNNY/2015-11-12/camera5/S_2015-11-12_08.17_C05_297.jpg,1
/home/lucas.ocunha/DeepLearning/datasets/CNR/PATCHES/OVERCAST/2015-11-20/camera5/O_2015-11-20_09.30_C05_301.jpg,1
/home/lucas.ocunha/DeepLearning/datasets/CNR/PATCHES/OVERCAST/2015-11-20/camera5/O_2015-11-20_12.00_C05_297.jpg,0
/home/lucas.ocunha/DeepLearning/datasets/CNR/PATCHES/OVERCAST/2015-11-20/camera5/O_2015-11-20_12.30_C05_312.jpg,0
/home/lucas.ocunha/DeepLearning/datasets/CNR/PATCHES/SUNNY/2015-11-12/camera5/S_2015-11-12_07.16_C05_276.jpg,1
/home/lucas.ocunha/DeepLearning/datasets/CNR/PATCHES/OVERCAST/2015-11-20/camera5/O_2015-11-20_11.00_C05_198.jpg,0
/home/lucas.ocunha/DeepLearning/datasets/CNR/PATCHES/OVERCAST/2015-11-20/camera5/O_2015-11-20_07.30_C05_308.jpg,1
/home/lucas.ocunha/DeepLearning/datasets/CNR/PATCHES/SUNNY/2015-11-12/camera5/S_2015-11-12_08.47_C05_304.jpg,1
/home/lucas.ocunha/DeepLearning/datasets/CNR/PATCHES/OVERCAST/2015-11-20/camera5/O_2015-11-20_13.30_C05_311.jpg,0
/home/lucas.ocunha/DeepLearning/datasets/CNR/PATCHES/SUNNY/2015-11-12/camera5/S_2015-11-12_13.47_C05_264.jpg,1
/home/lucas.ocunha/DeepLearning/datasets/CNR/PATCHES/SUNNY/2015-11-12/camera5/S_2015-11-12_10.47_C05_233.jpg,0
/home/lucas.ocunha/DeepLearning/datasets/CNR/PATCHES/OVERCAST/2015-11-20/camera5/O_2015-11-20_16.00_C05_202.jpg,0
/home/lucas.ocunha/DeepLearning/datasets/CNR/PATCHES/SUNNY/2015-11-12/camera5/S_2015-11-12_08.17_C05_234.jpg,1
/home/lucas.ocunha/DeepLearning/datasets/CNR/PATCHES/SUNNY/2015-11-12/camera5/S_2015-11-12_09.17_C05_307.jpg,1
/home/lucas.ocunha/DeepLearning/datasets/CNR/PATCHES/SUNNY/2015-11-12/camera5/S_2015-11-12_07.46_C05_200.jpg,1
/home/lucas.ocunha/DeepLearning/datasets/CNR/PATCHES/SUNNY/2015-11-12/camera5/S_2015-11-12_10.17_C05_301.jpg,0
/home/lucas.ocunha/DeepLearning/datasets/CNR/PATCHES/OVERCAST/2015-11-20/camera5/O_2015-11-20_12.30_C05_198.jpg,0
/home/lucas.ocunha/DeepLearning/datasets/CNR/PATCHES/OVERCAST/2015-11-20/camera5/O_2015-11-20_15.30_C05_271.jpg,1
/home/lucas.ocunha/DeepLearning/datasets/CNR/PATCHES/OVERCAST/2015-11-20/camera5/O_2015-11-20_15.00_C05_305.jpg,0
/home/lucas.ocunha/DeepLearning/datasets/CNR/PATCHES/SUNNY/2015-11-12/camera5/S_2015-11-12_07.16_C05_304.jpg,1
/home/lucas.ocunha/DeepLearning/datasets/CNR/PATCHES/OVERCAST/2015-11-20/camera5/O_2015-11-20_09.00_C05_229.jpg,1
/home/lucas.ocunha/DeepLearning/datasets/CNR/PATCHES/SUNNY/2015-11-12/camera5/S_2015-11-12_11.17_C05_308.jpg,0
/home/lucas.ocunha/DeepLearning/datasets/CNR/PATCHES/SUNNY/2015-11-12/camera5/S_2015-11-12_10.17_C05_234.jpg,0
/home/lucas.ocunha/DeepLearning/datasets/CNR/PATCHES/SUNNY/2015-11-12/camera5/S_2015-11-12_12.47_C05_302.jpg,0
/home/lucas.ocunha/DeepLearning/datasets/CNR/PATCHES/SUNNY/2015-11-12/camera5/S_2015-11-12_13.17_C05_267.jpg,0
/home/lucas.ocunha/DeepLearning/datasets/CNR/PATCHES/OVERCAST/2015-11-20/camera5/O_2015-11-20_09.30_C05_235.jpg,1
/home/lucas.ocunha/DeepLearning/datasets/CNR/PATCHES/OVERCAST/2015-11-20/camera5/O_2015-11-20_10.00_C05_270.jpg,0
/home/lucas.ocunha/DeepLearning/datasets/CNR/PATCHES/SUNNY/2015-11-12/camera5/S_2015-11-12_08.47_C05_307.jpg,1
/home/lucas.ocunha/DeepLearning/datasets/CNR/PATCHES/OVERCAST/2015-11-20/camera5/O_2015-11-20_08.00_C05_229.jpg,1
/home/lucas.ocunha/DeepLearning/datasets/CNR/PATCHES/OVERCAST/2015-11-20/camera5/O_2015-11-20_16.00_C05_307.jpg,0
/home/lucas.ocunha/DeepLearning/datasets/CNR/PATCHES/OVERCAST/2015-11-20/camera5/O_2015-11-20_10.30_C05_201.jpg,0
/home/lucas.ocunha/DeepLearning/datasets/CNR/PATCHES/OVERCAST/2015-11-20/camera5/O_2015-11-20_12.00_C05_609.jpg,0
/home/lucas.ocunha/DeepLearning/datasets/CNR/PATCHES/OVERCAST/2015-11-20/camera5/O_2015-11-20_09.30_C05_297.jpg,0
/home/lucas.ocunha/DeepLearning/datasets/CNR/PATCHES/SUNNY/2015-11-12/camera5/S_2015-11-12_13.47_C05_266.jpg,1
/home/lucas.ocunha/DeepLearning/datasets/CNR/PATCHES/OVERCAST/2015-11-20/camera5/O_2015-11-20_16.30_C05_609.jpg,1
/home/lucas.ocunha/DeepLearning/datasets/CNR/PATCHES/OVERCAST/2015-11-20/camera5/O_2015-11-20_07.30_C05_266.jpg,1
/home/lucas.ocunha/DeepLearning/datasets/CNR/PATCHES/OVERCAST/2015-11-20/camera5/O_2015-11-20_10.30_C05_301.jpg,0
/home/lucas.ocunha/DeepLearning/datasets/CNR/PATCHES/OVERCAST/2015-11-20/camera5/O_2015-11-20_13.00_C05_274.jpg,0
/home/lucas.ocunha/DeepLearning/datasets/CNR/PATCHES/OVERCAST/2015-11-20/camera5/O_2015-11-20_07.30_C05_302.jpg,1
/home/lucas.ocunha/DeepLearning/datasets/CNR/PATCHES/OVERCAST/2015-11-20/camera5/O_2015-11-20_08.00_C05_298.jpg,1
/home/lucas.ocunha/DeepLearning/datasets/CNR/PATCHES/OVERCAST/2015-11-20/camera5/O_2015-11-20_16.30_C05_305.jpg,1
/home/lucas.ocunha/DeepLearning/datasets/CNR/PATCHES/OVERCAST/2015-11-20/camera5/O_2015-11-20_08.30_C05_269.jpg,1
/home/lucas.ocunha/DeepLearning/datasets/CNR/PATCHES/OVERCAST/2015-11-20/camera5/O_2015-11-20_09.00_C05_266.jpg,1
/home/lucas.ocunha/DeepLearning/datasets/CNR/PATCHES/OVERCAST/2015-11-20/camera5/O_2015-11-20_15.30_C05_301.jpg,0
/home/lucas.ocunha/DeepLearning/datasets/CNR/PATCHES/OVERCAST/2015-11-20/camera5/O_2015-11-20_16.00_C05_299.jpg,0
/home/lucas.ocunha/DeepLearning/datasets/CNR/PATCHES/SUNNY/2015-11-12/camera5/S_2015-11-12_08.17_C05_271.jpg,1
/home/lucas.ocunha/DeepLearning/datasets/CNR/PATCHES/SUNNY/2015-11-12/camera5/S_2015-11-12_07.16_C05_202.jpg,1
/home/lucas.ocunha/DeepLearning/datasets/CNR/PATCHES/OVERCAST/2015-11-20/camera5/O_2015-11-20_11.30_C05_275.jpg,0
/home/lucas.ocunha/DeepLearning/datasets/CNR/PATCHES/OVERCAST/2015-11-20/camera5/O_2015-11-20_08.00_C05_310.jpg,1
/home/lucas.ocunha/DeepLearning/datasets/CNR/PATCHES/OVERCAST/2015-11-20/camera5/O_2015-11-20_16.30_C05_200.jpg,0
/home/lucas.ocunha/DeepLearning/datasets/CNR/PATCHES/OVERCAST/2015-11-20/camera5/O_2015-11-20_08.30_C05_275.jpg,1
/home/lucas.ocunha/DeepLearning/datasets/CNR/PATCHES/OVERCAST/2015-11-20/camera5/O_2015-11-20_08.00_C05_305.jpg,1
/home/lucas.ocunha/DeepLearning/datasets/CNR/PATCHES/SUNNY/2015-11-12/camera5/S_2015-11-12_16.17_C05_309.jpg,0
/home/lucas.ocunha/DeepLearning/datasets/CNR/PATCHES/SUNNY/2015-11-12/camera5/S_2015-11-12_13.17_C05_306.jpg,0
/home/lucas.ocunha/DeepLearning/datasets/CNR/PATCHES/SUNNY/2015-11-12/camera5/S_2015-11-12_12.17_C05_266.jpg,0
/home/lucas.ocunha/DeepLearning/datasets/CNR/PATCHES/SUNNY/2015-11-12/camera5/S_2015-11-12_09.17_C05_274.jpg,1
/home/lucas.ocunha/DeepLearning/datasets/CNR/PATCHES/SUNNY/2015-11-12/camera5/S_2015-11-12_14.17_C05_200.jpg,0
/home/lucas.ocunha/DeepLearning/datasets/CNR/PATCHES/OVERCAST/2015-11-20/camera5/O_2015-11-20_13.30_C05_228.jpg,0
/home/lucas.ocunha/DeepLearning/datasets/CNR/PATCHES/OVERCAST/2015-11-20/camera5/O_2015-11-20_14.00_C05_233.jpg,1
/home/lucas.ocunha/DeepLearning/datasets/CNR/PATCHES/SUNNY/2015-11-12/camera5/S_2015-11-12_16.47_C05_303.jpg,1
/home/lucas.ocunha/DeepLearning/datasets/CNR/PATCHES/OVERCAST/2015-11-20/camera5/O_2015-11-20_13.00_C05_311.jpg,0
/home/lucas.ocunha/DeepLearning/datasets/CNR/PATCHES/SUNNY/2015-11-12/camera5/S_2015-11-12_07.16_C05_311.jpg,1
/home/lucas.ocunha/DeepLearning/datasets/CNR/PATCHES/SUNNY/2015-11-12/camera5/S_2015-11-12_10.47_C05_268.jpg,0
/home/lucas.ocunha/DeepLearning/datasets/CNR/PATCHES/OVERCAST/2015-11-20/camera5/O_2015-11-20_08.30_C05_306.jpg,1
/home/lucas.ocunha/DeepLearning/datasets/CNR/PATCHES/SUNNY/2015-11-12/camera5/S_2015-11-12_14.47_C05_228.jpg,0
/home/lucas.ocunha/DeepLearning/datasets/CNR/PATCHES/SUNNY/2015-11-12/camera5/S_2015-11-12_15.17_C05_228.jpg,0
/home/lucas.ocunha/DeepLearning/datasets/CNR/PATCHES/OVERCAST/2015-11-20/camera5/O_2015-11-20_07.30_C05_269.jpg,1
/home/lucas.ocunha/DeepLearning/datasets/CNR/PATCHES/OVERCAST/2015-11-20/camera5/O_2015-11-20_08.00_C05_268.jpg,1
/home/lucas.ocunha/DeepLearning/datasets/CNR/PATCHES/OVERCAST/2015-11-20/camera5/O_2015-11-20_08.30_C05_200.jpg,0
/home/lucas.ocunha/DeepLearning/datasets/CNR/PATCHES/SUNNY/2015-11-12/camera5/S_2015-11-12_14.17_C05_304.jpg,0
/home/lucas.ocunha/DeepLearning/datasets/CNR/PATCHES/OVERCAST/2015-11-20/camera5/O_2015-11-20_09.30_C05_307.jpg,1
/home/lucas.ocunha/DeepLearning/datasets/CNR/PATCHES/OVERCAST/2015-11-20/camera5/O_2015-11-20_08.00_C05_302.jpg,1
/home/lucas.ocunha/DeepLearning/datasets/CNR/PATCHES/OVERCAST/2015-11-20/camera5/O_2015-11-20_13.30_C05_266.jpg,0
/home/lucas.ocunha/DeepLearning/datasets/CNR/PATCHES/OVERCAST/2015-11-20/camera5/O_2015-11-20_09.00_C05_273.jpg,1
/home/lucas.ocunha/DeepLearning/datasets/CNR/PATCHES/OVERCAST/2015-11-20/camera5/O_2015-11-20_15.30_C05_198.jpg,1
/home/lucas.ocunha/DeepLearning/datasets/CNR/PATCHES/OVERCAST/2015-11-20/camera5/O_2015-11-20_16.30_C05_199.jpg,1
/home/lucas.ocunha/DeepLearning/datasets/CNR/PATCHES/OVERCAST/2015-11-20/camera5/O_2015-11-20_11.00_C05_302.jpg,0
/home/lucas.ocunha/DeepLearning/datasets/CNR/PATCHES/OVERCAST/2015-11-20/camera5/O_2015-11-20_08.00_C05_200.jpg,1
/home/lucas.ocunha/DeepLearning/datasets/CNR/PATCHES/OVERCAST/2015-11-20/camera5/O_2015-11-20_13.00_C05_275.jpg,0
/home/lucas.ocunha/DeepLearning/datasets/CNR/PATCHES/OVERCAST/2015-11-20/camera5/O_2015-11-20_08.00_C05_307.jpg,1
/home/lucas.ocunha/DeepLearning/datasets/CNR/PATCHES/OVERCAST/2015-11-20/camera5/O_2015-11-20_11.30_C05_310.jpg,0
/home/lucas.ocunha/DeepLearning/datasets/CNR/PATCHES/OVERCAST/2015-11-20/camera5/O_2015-11-20_07.30_C05_199.jpg,0
/home/lucas.ocunha/DeepLearning/datasets/CNR/PATCHES/SUNNY/2015-11-12/camera5/S_2015-11-12_15.47_C05_311.jpg,0
/home/lucas.ocunha/DeepLearning/datasets/CNR/PATCHES/OVERCAST/2015-11-20/camera5/O_2015-11-20_08.30_C05_307.jpg,1
/home/lucas.ocunha/DeepLearning/datasets/CNR/PATCHES/SUNNY/2015-11-12/camera5/S_2015-11-12_07.16_C05_297.jpg,1
/home/lucas.ocunha/DeepLearning/datasets/CNR/PATCHES/SUNNY/2015-11-12/camera5/S_2015-11-12_14.47_C05_312.jpg,0
/home/lucas.ocunha/DeepLearning/datasets/CNR/PATCHES/OVERCAST/2015-11-20/camera5/O_2015-11-20_07.30_C05_297.jpg,1
/home/lucas.ocunha/DeepLearning/datasets/CNR/PATCHES/SUNNY/2015-11-12/camera5/S_2015-11-12_16.47_C05_201.jpg,1
/home/lucas.ocunha/DeepLearning/datasets/CNR/PATCHES/SUNNY/2015-11-12/camera5/S_2015-11-12_08.47_C05_235.jpg,1
/home/lucas.ocunha/DeepLearning/datasets/CNR/PATCHES/SUNNY/2015-11-12/camera5/S_2015-11-12_08.17_C05_300.jpg,1
/home/lucas.ocunha/DeepLearning/datasets/CNR/PATCHES/OVERCAST/2015-11-20/camera5/O_2015-11-20_12.30_C05_275.jpg,0
/home/lucas.ocunha/DeepLearning/datasets/CNR/PATCHES/SUNNY/2015-11-12/camera5/S_2015-11-12_13.47_C05_276.jpg,0
/home/lucas.ocunha/DeepLearning/datasets/CNR/PATCHES/OVERCAST/2015-11-20/camera5/O_2015-11-20_08.30_C05_309.jpg,1
/home/lucas.ocunha/DeepLearning/datasets/CNR/PATCHES/SUNNY/2015-11-12/camera5/S_2015-11-12_16.47_C05_202.jpg,1
/home/lucas.ocunha/DeepLearning/datasets/CNR/PATCHES/OVERCAST/2015-11-20/camera5/O_2015-11-20_12.00_C05_267.jpg,0
/home/lucas.ocunha/DeepLearning/datasets/CNR/PATCHES/OVERCAST/2015-11-20/camera5/O_2015-11-20_16.00_C05_309.jpg,0
/home/lucas.ocunha/DeepLearning/datasets/CNR/PATCHES/SUNNY/2015-11-12/camera5/S_2015-11-12_13.47_C05_233.jpg,1
/home/lucas.ocunha/DeepLearning/datasets/CNR/PATCHES/SUNNY/2015-11-12/camera5/S_2015-11-12_07.16_C05_302.jpg,1
/home/lucas.ocunha/DeepLearning/datasets/CNR/PATCHES/OVERCAST/2015-11-20/camera5/O_2015-11-20_12.00_C05_237.jpg,0
/home/lucas.ocunha/DeepLearning/datasets/CNR/PATCHES/SUNNY/2015-11-12/camera5/S_2015-11-12_12.47_C05_234.jpg,0
/home/lucas.ocunha/DeepLearning/datasets/CNR/PATCHES/SUNNY/2015-11-12/camera5/S_2015-11-12_07.16_C05_273.jpg,1
/home/lucas.ocunha/DeepLearning/datasets/CNR/PATCHES/SUNNY/2015-11-12/camera5/S_2015-11-12_13.17_C05_264.jpg,1
/home/lucas.ocunha/DeepLearning/datasets/CNR/PATCHES/OVERCAST/2015-11-20/camera5/O_2015-11-20_12.30_C05_235.jpg,0
/home/lucas.ocunha/DeepLearning/datasets/CNR/PATCHES/OVERCAST/2015-11-20/camera5/O_2015-11-20_09.30_C05_202.jpg,0
/home/lucas.ocunha/DeepLearning/datasets/CNR/PATCHES/SUNNY/2015-11-12/camera5/S_2015-11-12_09.47_C05_230.jpg,0
/home/lucas.ocunha/DeepLearning/datasets/CNR/PATCHES/OVERCAST/2015-11-20/camera5/O_2015-11-20_07.30_C05_200.jpg,1
/home/lucas.ocunha/DeepLearning/datasets/CNR/PATCHES/SUNNY/2015-11-12/camera5/S_2015-11-12_07.16_C05_303.jpg,1
/home/lucas.ocunha/DeepLearning/datasets/CNR/PATCHES/OVERCAST/2015-11-20/camera5/O_2015-11-20_10.00_C05_273.jpg,0
/home/lucas.ocunha/DeepLearning/datasets/CNR/PATCHES/SUNNY/2015-11-12/camera5/S_2015-11-12_11.47_C05_302.jpg,0
/home/lucas.ocunha/DeepLearning/datasets/CNR/PATCHES/OVERCAST/2015-11-20/camera5/O_2015-11-20_09.30_C05_268.jpg,0
/home/lucas.ocunha/DeepLearning/datasets/CNR/PATCHES/SUNNY/2015-11-12/camera5/S_2015-11-12_13.17_C05_232.jpg,0
/home/lucas.ocunha/DeepLearning/datasets/CNR/PATCHES/SUNNY/2015-11-12/camera5/S_2015-11-12_09.17_C05_268.jpg,1
/home/lucas.ocunha/DeepLearning/datasets/CNR/PATCHES/SUNNY/2015-11-12/camera5/S_2015-11-12_09.47_C05_229.jpg,0
/home/lucas.ocunha/DeepLearning/datasets/CNR/PATCHES/OVERCAST/2015-11-20/camera5/O_2015-11-20_10.00_C05_302.jpg,1
/home/lucas.ocunha/DeepLearning/datasets/CNR/PATCHES/OVERCAST/2015-11-20/camera5/O_2015-11-20_09.30_C05_308.jpg,1
/home/lucas.ocunha/DeepLearning/datasets/CNR/PATCHES/OVERCAST/2015-11-20/camera5/O_2015-11-20_08.30_C05_232.jpg,1
/home/lucas.ocunha/DeepLearning/datasets/CNR/PATCHES/OVERCAST/2015-11-20/camera5/O_2015-11-20_09.00_C05_274.jpg,1
/home/lucas.ocunha/DeepLearning/datasets/CNR/PATCHES/OVERCAST/2015-11-20/camera5/O_2015-11-20_08.30_C05_308.jpg,1
/home/lucas.ocunha/DeepLearning/datasets/CNR/PATCHES/SUNNY/2015-11-12/camera5/S_2015-11-12_07.46_C05_299.jpg,1
/home/lucas.ocunha/DeepLearning/datasets/CNR/PATCHES/SUNNY/2015-11-12/camera5/S_2015-11-12_07.16_C05_264.jpg,1
/home/lucas.ocunha/DeepLearning/datasets/CNR/PATCHES/SUNNY/2015-11-12/camera5/S_2015-11-12_16.17_C05_297.jpg,0
/home/lucas.ocunha/DeepLearning/datasets/CNR/PATCHES/SUNNY/2015-11-12/camera5/S_2015-11-12_08.17_C05_266.jpg,1
/home/lucas.ocunha/DeepLearning/datasets/CNR/PATCHES/OVERCAST/2015-11-20/camera5/O_2015-11-20_15.30_C05_312.jpg,0
/home/lucas.ocunha/DeepLearning/datasets/CNR/PATCHES/SUNNY/2015-11-12/camera5/S_2015-11-12_15.47_C05_303.jpg,1
/home/lucas.ocunha/DeepLearning/datasets/CNR/PATCHES/OVERCAST/2015-11-20/camera5/O_2015-11-20_07.30_C05_274.jpg,1
/home/lucas.ocunha/DeepLearning/datasets/CNR/PATCHES/OVERCAST/2015-11-20/camera5/O_2015-11-20_16.30_C05_198.jpg,1
/home/lucas.ocunha/DeepLearning/datasets/CNR/PATCHES/OVERCAST/2015-11-20/camera5/O_2015-11-20_14.30_C05_267.jpg,0
/home/lucas.ocunha/DeepLearning/datasets/CNR/PATCHES/SUNNY/2015-11-12/camera5/S_2015-11-12_09.47_C05_311.jpg,1
/home/lucas.ocunha/DeepLearning/datasets/CNR/PATCHES/SUNNY/2015-11-12/camera5/S_2015-11-12_08.17_C05_265.jpg,1
/home/lucas.ocunha/DeepLearning/datasets/CNR/PATCHES/SUNNY/2015-11-12/camera5/S_2015-11-12_07.16_C05_199.jpg,1
/home/lucas.ocunha/DeepLearning/datasets/CNR/PATCHES/SUNNY/2015-11-12/camera5/S_2015-11-12_16.17_C05_200.jpg,0
/home/lucas.ocunha/DeepLearning/datasets/CNR/PATCHES/SUNNY/2015-11-12/camera5/S_2015-11-12_10.17_C05_312.jpg,0
/home/lucas.ocunha/DeepLearning/datasets/CNR/PATCHES/SUNNY/2015-11-12/camera5/S_2015-11-12_09.47_C05_309.jpg,1
/home/lucas.ocunha/DeepLearning/datasets/CNR/PATCHES/SUNNY/2015-11-12/camera5/S_2015-11-12_08.17_C05_228.jpg,1
/home/lucas.ocunha/DeepLearning/datasets/CNR/PATCHES/SUNNY/2015-11-12/camera5/S_2015-11-12_14.17_C05_306.jpg,0
/home/lucas.ocunha/DeepLearning/datasets/CNR/PATCHES/SUNNY/2015-11-12/camera5/S_2015-11-12_15.17_C05_272.jpg,1
/home/lucas.ocunha/DeepLearning/datasets/CNR/PATCHES/SUNNY/2015-11-12/camera5/S_2015-11-12_12.17_C05_202.jpg,0
/home/lucas.ocunha/DeepLearning/datasets/CNR/PATCHES/SUNNY/2015-11-12/camera5/S_2015-11-12_11.47_C05_234.jpg,0
/home/lucas.ocunha/DeepLearning/datasets/CNR/PATCHES/OVERCAST/2015-11-20/camera5/O_2015-11-20_13.00_C05_234.jpg,0
/home/lucas.ocunha/DeepLearning/datasets/CNR/PATCHES/SUNNY/2015-11-12/camera5/S_2015-11-12_08.17_C05_299.jpg,1
/home/lucas.ocunha/DeepLearning/datasets/CNR/PATCHES/SUNNY/2015-11-12/camera5/S_2015-11-12_11.17_C05_233.jpg,0
/home/lucas.ocunha/DeepLearning/datasets/CNR/PATCHES/SUNNY/2015-11-12/camera5/S_2015-11-12_08.17_C05_264.jpg,1
/home/lucas.ocunha/DeepLearning/datasets/CNR/PATCHES/OVERCAST/2015-11-20/camera5/O_2015-11-20_10.00_C05_235.jpg,0
/home/lucas.ocunha/DeepLearning/datasets/CNR/PATCHES/SUNNY/2015-11-12/camera5/S_2015-11-12_08.47_C05_299.jpg,1
/home/lucas.ocunha/DeepLearning/datasets/CNR/PATCHES/SUNNY/2015-11-12/camera5/S_2015-11-12_16.47_C05_300.jpg,0
/home/lucas.ocunha/DeepLearning/datasets/CNR/PATCHES/SUNNY/2015-11-12/camera5/S_2015-11-12_16.47_C05_310.jpg,0
/home/lucas.ocunha/DeepLearning/datasets/CNR/PATCHES/SUNNY/2015-11-12/camera5/S_2015-11-12_11.17_C05_609.jpg,0
/home/lucas.ocunha/DeepLearning/datasets/CNR/PATCHES/OVERCAST/2015-11-20/camera5/O_2015-11-20_15.30_C05_264.jpg,1
/home/lucas.ocunha/DeepLearning/datasets/CNR/PATCHES/OVERCAST/2015-11-20/camera5/O_2015-11-20_08.00_C05_308.jpg,1
/home/lucas.ocunha/DeepLearning/datasets/CNR/PATCHES/SUNNY/2015-11-12/camera5/S_2015-11-12_08.17_C05_312.jpg,1
/home/lucas.ocunha/DeepLearning/datasets/CNR/PATCHES/OVERCAST/2015-11-20/camera5/O_2015-11-20_16.00_C05_232.jpg,0
/home/lucas.ocunha/DeepLearning/datasets/CNR/PATCHES/SUNNY/2015-11-12/camera5/S_2015-11-12_08.17_C05_306.jpg,1
/home/lucas.ocunha/DeepLearning/datasets/CNR/PATCHES/SUNNY/2015-11-12/camera5/S_2015-11-12_09.17_C05_201.jpg,0
/home/lucas.ocunha/DeepLearning/datasets/CNR/PATCHES/SUNNY/2015-11-12/camera5/S_2015-11-12_09.17_C05_297.jpg,1
/home/lucas.ocunha/DeepLearning/datasets/CNR/PATCHES/OVERCAST/2015-11-20/camera5/O_2015-11-20_07.30_C05_229.jpg,1
/home/lucas.ocunha/DeepLearning/datasets/CNR/PATCHES/OVERCAST/2015-11-20/camera5/O_2015-11-20_13.00_C05_264.jpg,1
/home/lucas.ocunha/DeepLearning/datasets/CNR/PATCHES/SUNNY/2015-11-12/camera5/S_2015-11-12_08.17_C05_274.jpg,1
/home/lucas.ocunha/DeepLearning/datasets/CNR/PATCHES/SUNNY/2015-11-12/camera5/S_2015-11-12_12.47_C05_311.jpg,0
/home/lucas.ocunha/DeepLearning/datasets/CNR/PATCHES/SUNNY/2015-11-12/camera5/S_2015-11-12_11.17_C05_306.jpg,0
/home/lucas.ocunha/DeepLearning/datasets/CNR/PATCHES/OVERCAST/2015-11-20/camera5/O_2015-11-20_12.30_C05_308.jpg,0
/home/lucas.ocunha/DeepLearning/datasets/CNR/PATCHES/SUNNY/2015-11-12/camera5/S_2015-11-12_08.17_C05_309.jpg,1
/home/lucas.ocunha/DeepLearning/datasets/CNR/PATCHES/SUNNY/2015-11-12/camera5/S_2015-11-12_09.47_C05_228.jpg,0
/home/lucas.ocunha/DeepLearning/datasets/CNR/PATCHES/OVERCAST/2015-11-20/camera5/O_2015-11-20_08.30_C05_199.jpg,0
/home/lucas.ocunha/DeepLearning/datasets/CNR/PATCHES/OVERCAST/2015-11-20/camera5/O_2015-11-20_11.30_C05_266.jpg,0
/home/lucas.ocunha/DeepLearning/datasets/CNR/PATCHES/OVERCAST/2015-11-20/camera5/O_2015-11-20_07.30_C05_609.jpg,1
